{
  "europe": {
    "maxLat": 14.803021446548357,
    "maxLng": -17.8583984375,
    "minLat": 67.28328418181201,
    "minLng": 23.2744140625
  }
}
